{"cameraMode":{"drawMode":0,"name":"Shaded","section":"Shading Mode"},"sceneLighting":true,"audioPlay":false,"sceneViewState":{"showFog":true,"showMaterialUpdate":false,"showSkybox":false,"showFlares":true,"showImageEffects":true,"showParticleSystems":true},"in2DMode":false,"pivot":{"x":15.376124382019043,"y":2.776519775390625,"z":90.85690307617188},"rotation":{"x":0.01499939151108265,"y":0.5722372531890869,"z":-0.010499037802219391,"w":0.8199307322502136},"size":10.0,"orthographic":false}