{"cameraMode":{"drawMode":0,"name":"Shaded","section":"Shading Mode"},"sceneLighting":false,"audioPlay":false,"sceneViewState":{"showFog":true,"showMaterialUpdate":false,"showSkybox":false,"showFlares":true,"showImageEffects":true,"showParticleSystems":true},"in2DMode":false,"pivot":{"x":2.578141689300537,"y":0.22923624515533448,"z":0.16309046745300294},"rotation":{"x":0.020258069038391115,"y":0.6703383922576904,"z":-0.018309496343135835,"w":0.7415624856948853},"size":4.310861587524414,"orthographic":false}