{"cameraMode":{"drawMode":0,"name":"Shaded","section":"Shading Mode"},"sceneLighting":true,"audioPlay":false,"sceneViewState":{"showFog":true,"showMaterialUpdate":false,"showSkybox":false,"showFlares":true,"showImageEffects":true,"showParticleSystems":true},"in2DMode":false,"pivot":{"x":7.56650447845459,"y":22.204696655273439,"z":81.94768524169922},"rotation":{"x":-0.24710969626903535,"y":-0.44326454401016238,"z":0.1286289542913437,"w":-0.8520412445068359},"size":7.5756611824035648,"orthographic":false}