{"cameraMode":{"drawMode":0,"name":"Shaded","section":"Shading Mode"},"sceneLighting":true,"audioPlay":false,"sceneViewState":{"showFog":true,"showMaterialUpdate":false,"showSkybox":false,"showFlares":true,"showImageEffects":true,"showParticleSystems":true},"in2DMode":false,"pivot":{"x":15.01498794555664,"y":2.0385427474975588,"z":94.28044891357422},"rotation":{"x":0.10763122886419296,"y":-0.24605704843997956,"z":0.027479130774736406,"w":0.9629077315330505},"size":2.659728765487671,"orthographic":false}