{"cameraMode":{"drawMode":0,"name":"Shaded","section":"Shading Mode"},"sceneLighting":true,"audioPlay":false,"sceneViewState":{"showFog":true,"showMaterialUpdate":false,"showSkybox":false,"showFlares":true,"showImageEffects":true,"showParticleSystems":true},"in2DMode":false,"pivot":{"x":2.5732321739196779,"y":2.6330246925354006,"z":2.8997464179992677},"rotation":{"x":0.20268002152442933,"y":-0.35478168725967409,"z":0.07907086610794068,"w":0.9092947840690613},"size":3.353874683380127,"orthographic":false}