{"cameraMode":{"drawMode":0,"name":"Shaded","section":"Shading Mode"},"sceneLighting":true,"audioPlay":false,"sceneViewState":{"showFog":true,"showMaterialUpdate":false,"showSkybox":false,"showFlares":true,"showImageEffects":true,"showParticleSystems":true},"in2DMode":false,"pivot":{"x":11.22897720336914,"y":2.793381690979004,"z":89.39877319335938},"rotation":{"x":-0.06824524700641632,"y":-0.3268997073173523,"z":0.02371770516037941,"w":-0.9423359036445618},"size":3.6346054077148439,"orthographic":false}