{"cameraMode":{"drawMode":0,"name":"Shaded","section":"Shading Mode"},"sceneLighting":true,"audioPlay":false,"sceneViewState":{"showFog":true,"showMaterialUpdate":false,"showSkybox":false,"showFlares":true,"showImageEffects":true,"showParticleSystems":true},"in2DMode":false,"pivot":{"x":35.689537048339847,"y":11.700469970703125,"z":90.51018524169922},"rotation":{"x":-0.04756034165620804,"y":0.9212139248847961,"z":0.11920307576656342,"w":0.36738118529319765},"size":10.358445167541504,"orthographic":false}