{"cameraMode":{"drawMode":0,"name":"Shaded","section":"Shading Mode"},"sceneLighting":false,"audioPlay":false,"sceneViewState":{"showFog":true,"showMaterialUpdate":false,"showSkybox":false,"showFlares":true,"showImageEffects":true,"showParticleSystems":true},"in2DMode":false,"pivot":{"x":-1.2865285873413087,"y":2.4357032775878908,"z":0.6477409601211548},"rotation":{"x":-0.07222394645214081,"y":0.7396858334541321,"z":-0.08043056726455689,"w":-0.6642258167266846},"size":2.4247448444366457,"orthographic":false}